{
  "ask_bot": {
    "precision": 1.0,
    "recall": 1.0,
    "f1-score": 1.0,
    "support": 4,
    "confused_with": {}
  },
  "goodbye": {
    "precision": 0.8,
    "recall": 1.0,
    "f1-score": 0.888888888888889,
    "support": 4,
    "confused_with": {}
  },
  "greet": {
    "precision": 1.0,
    "recall": 0.98989898989899,
    "f1-score": 0.9949238578680203,
    "support": 99,
    "confused_with": {
      "goodbye": 1
    }
  },
  "micro avg": {
    "precision": 0.9906542056074766,
    "recall": 0.9906542056074766,
    "f1-score": 0.9906542056074766,
    "support": 107
  },
  "macro avg": {
    "precision": 0.9333333333333332,
    "recall": 0.9966329966329966,
    "f1-score": 0.9612709155856364,
    "support": 107
  },
  "weighted avg": {
    "precision": 0.9925233644859813,
    "recall": 0.9906542056074766,
    "f1-score": 0.991149696116725,
    "support": 107
  }
}